-- phpMyAdmin SQL Dump
-- version 3.2.4
-- http://www.phpmyadmin.net
--
-- Host: localhost
-- Waktu pembuatan: 18. September 2012 jam 04:53
-- Versi Server: 5.1.41
-- Versi PHP: 5.3.1

SET SQL_MODE="NO_AUTO_VALUE_ON_ZERO";


/*!40101 SET @OLD_CHARACTER_SET_CLIENT=@@CHARACTER_SET_CLIENT */;
/*!40101 SET @OLD_CHARACTER_SET_RESULTS=@@CHARACTER_SET_RESULTS */;
/*!40101 SET @OLD_COLLATION_CONNECTION=@@COLLATION_CONNECTION */;
/*!40101 SET NAMES utf8 */;

--
-- Database: `krsku`
--

-- --------------------------------------------------------

--
-- Struktur dari tabel `dosen`
--

CREATE TABLE IF NOT EXISTS `dosen` (
  `DosenId` int(10) NOT NULL,
  `DosenNama` varchar(40) DEFAULT NULL,
  `DosenAlamat` varchar(50) DEFAULT NULL,
  `DosenKota` varchar(30) DEFAULT NULL,
  `DosenTelp` varchar(12) DEFAULT NULL,
  `DosenHp` varchar(15) DEFAULT NULL,
  `DosenEmail` varchar(50) DEFAULT NULL,
  `DosenNIK` varchar(15) DEFAULT NULL,
  PRIMARY KEY (`DosenId`)
) ENGINE=MyISAM DEFAULT CHARSET=utf8;

--
-- Dumping data untuk tabel `dosen`
--

INSERT INTO `dosen` (`DosenId`, `DosenNama`, `DosenAlamat`, `DosenKota`, `DosenTelp`, `DosenHp`, `DosenEmail`, `DosenNIK`) VALUES
(63, 'ABDUL JALIL, SSOS.           ', NULL, NULL, NULL, NULL, 'abduljalil@politama.ac.id', '1593.075'),
(50, 'AGUS DWI PRASETYO P,SKOM     ', NULL, NULL, NULL, NULL, NULL, '1590.020'),
(405, 'AGUS DWI PRIMURTINI, Dra', NULL, NULL, NULL, NULL, NULL, 'agus'),
(502, 'AGUS HARYAWAN, ST', NULL, NULL, NULL, NULL, NULL, '132315081'),
(80, 'AGUS KRISTIANTO, S.KOM', NULL, NULL, NULL, NULL, NULL, '2508.245'),
(222, 'AGUS RASIKIN,DRS.', NULL, NULL, NULL, NULL, NULL, '131270043'),
(108, 'AHMAD HARYONO, ST             ', NULL, NULL, NULL, NULL, NULL, '1597.132'),
(6, 'ARDI WIDYATMOKO, DRS.', NULL, NULL, NULL, NULL, NULL, '1593.065'),
(504, 'BAKTI SRI RAHAYU, SE', NULL, NULL, NULL, NULL, NULL, '3504.003'),
(18, 'BASMAL, DRS.', NULL, NULL, NULL, NULL, NULL, '1595.092'),
(58, 'DIAH SITA ,SPD', NULL, NULL, NULL, NULL, NULL, 'DIAH SITA'),
(305, 'BURHAN IBNU M, DRS, MPD', NULL, NULL, NULL, NULL, NULL, '131619535'),
(107, 'DWI AGUS P, DRS', NULL, NULL, NULL, NULL, NULL, 'DWI AGUS'),
(105, 'DIAH PITALOKA, S.PD.          ', NULL, NULL, NULL, NULL, NULL, 'diah'),
(404, 'DIDIK NUGROHO, M.KOM', NULL, NULL, NULL, NULL, NULL, 'nugroho'),
(9, 'DIDIK PURWADI, SH             ', NULL, NULL, NULL, NULL, NULL, '1594.080'),
(54, 'DIDIK WARASTO, ST             ', NULL, NULL, NULL, NULL, NULL, '1392.054'),
(82, 'DWIYONO,ST', NULL, NULL, NULL, NULL, NULL, 'dwi'),
(51, 'EKO MURNIYANTO, IR., MS      ', NULL, NULL, NULL, NULL, NULL, '131996652'),
(99, 'ERNIYAWATI MUSTAQOMAH, SE', NULL, NULL, NULL, NULL, NULL, '1598.140'),
(124, 'HARJONO, ST                   ', NULL, NULL, NULL, NULL, NULL, '3502.091'),
(306, 'HERU WIDAYAT', '', '', '', '', '', '1408.252'),
(2, 'HURIAH, SE, MSI               ', NULL, NULL, NULL, NULL, NULL, '1502.207'),
(81, 'IMANUEL,DRS', NULL, NULL, NULL, NULL, NULL, 'imanuel'),
(13, 'JOKO AKHIRMAN,DRS.', NULL, NULL, NULL, NULL, NULL, '1591.028'),
(14, 'JOKO SUKARNO, ST              ', NULL, NULL, NULL, NULL, NULL, '1597.133'),
(212, 'JUMARDI, SPD                  ', NULL, NULL, NULL, NULL, NULL, '1597.205'),
(26, 'KURNIAWAN JN, ST.             ', NULL, NULL, NULL, NULL, NULL, '1596.115'),
(47, 'LEGOWO DWI R., SE, MM         ', NULL, NULL, NULL, NULL, NULL, '1599.143'),
(508, 'LULUK TAKARI SR., SE.', NULL, NULL, NULL, NULL, NULL, 'luluk'),
(55, 'MARTONO,S.Kom                ', NULL, NULL, NULL, NULL, NULL, '1597.131'),
(5, 'MUH. ALHAN, DRS, ST', NULL, NULL, NULL, NULL, NULL, '1592.053'),
(24, 'PRIYANTO, SSOS, S.Pd.         ', NULL, NULL, NULL, NULL, NULL, '1596.123'),
(43, 'PURNOMO RUSMANTORO,DRS.       ', NULL, NULL, NULL, NULL, NULL, '1599.152'),
(64, 'RETNONINGRUM, SE              ', NULL, NULL, NULL, NULL, NULL, '1393.073'),
(27, 'SALECHAN SURYO PRAYOGO, ST', NULL, NULL, NULL, NULL, NULL, '1592.052'),
(137, 'SHODIG PURNOMO, DRS           ', NULL, NULL, NULL, NULL, NULL, 'sodik'),
(25, 'SISWANTO, ST                  ', NULL, NULL, NULL, NULL, NULL, '1593.058'),
(10, 'SITI ACHALIYAH, S.SOS.        ', NULL, NULL, NULL, NULL, NULL, '1595.085'),
(3, 'SOEWIGNYO AS, HM, IR, MM', NULL, NULL, NULL, NULL, NULL, '1595.106'),
(501, 'SRI HUTAMI, SE', NULL, NULL, NULL, NULL, NULL, '132312803'),
(29, 'MARGONO, SKOM     ', NULL, NULL, NULL, NULL, NULL, 'MARGONO'),
(65, 'SRI YULIATI, SE, AK.         ', NULL, NULL, NULL, NULL, NULL, '1599.142'),
(114, 'SUDARNO, AMD                  ', '', '', '', '', 'isusay@gmail.com', '1401.184'),
(12, 'SUGIARTO, IR               ', NULL, NULL, NULL, NULL, NULL, '132051247'),
(1, 'SUNARYO,DRS., ST              ', NULL, NULL, NULL, NULL, NULL, '131283272'),
(134, 'SUTORO, SKOM                  ', NULL, NULL, NULL, NULL, NULL, '3503.008'),
(131, 'TAMAN GINTING, SKOM', NULL, NULL, NULL, NULL, NULL, '1502.215'),
(19, 'TAUFIK NUR H, SKOM', NULL, NULL, NULL, NULL, NULL, '1595.095'),
(16, 'TEGUH WIYONO, ST              ', NULL, NULL, NULL, NULL, NULL, '1595.088'),
(7, 'WARSITO, DRS', NULL, NULL, NULL, NULL, NULL, '1595.094'),
(23, 'Y SUYOKO, ST      ', NULL, NULL, NULL, NULL, NULL, '1597.122'),
(28, 'YAYA FINAYANI, ST             ', NULL, NULL, NULL, NULL, NULL, '1593.078'),
(113, 'YUSUF EKO ROHMADI, AMD       ', NULL, NULL, NULL, NULL, NULL, '1402.214'),
(806, 'SODIQ PURNOMO, DRS', NULL, NULL, NULL, NULL, NULL, 'SODIQ'),
(807, 'SITI SOFIATUN, SPD', NULL, NULL, NULL, NULL, NULL, 'SOFIATUN'),
(808, 'SALMAN, ST', NULL, NULL, NULL, NULL, NULL, 'SALMAN'),
(809, 'REIN, SPD', NULL, NULL, NULL, NULL, NULL, 'REIN'),
(902, 'HARYANTO SPD', 'Solo', 'Surakarta', '353256', '3643656546', '', '1234567'),
(11, 'EKO RAHARJO, S.SOS', NULL, NULL, NULL, NULL, NULL, 'RAHARJO'),
(300, 'ASROFIN, SS', NULL, NULL, NULL, NULL, NULL, 'asrofin'),
(505, 'TRI IRAWATI, SE. AKT', NULL, NULL, NULL, NULL, NULL, 'IRAWATI'),
(309, 'Y MARSASAIL, DRS', NULL, NULL, NULL, NULL, NULL, 'MARSAIL');

-- --------------------------------------------------------

--
-- Struktur dari tabel `formkrs`
--

CREATE TABLE IF NOT EXISTS `formkrs` (
  `idformkrs` int(15) NOT NULL AUTO_INCREMENT,
  `smt` varchar(1) NOT NULL,
  `tahun` varchar(4) NOT NULL,
  `JurusanId` int(10) NOT NULL,
  `MKid` varchar(20) NOT NULL,
  `MKsksT` int(1) NOT NULL,
  `MKsksP` int(1) NOT NULL,
  PRIMARY KEY (`idformkrs`)
) ENGINE=MyISAM  DEFAULT CHARSET=latin1 AUTO_INCREMENT=72 ;

--
-- Dumping data untuk tabel `formkrs`
--

INSERT INTO `formkrs` (`idformkrs`, `smt`, `tahun`, `JurusanId`, `MKid`, `MKsksT`, `MKsksP`) VALUES
(1, '2', '2012', 14, '0914021011', 2, 0),
(2, '2', '2012', 14, '0914022011', 0, 2),
(3, '2', '2012', 14, '0914022021', 2, 0),
(4, '2', '2012', 14, '0914022031', 0, 2),
(5, '2', '2012', 14, '0914022041', 2, 0),
(6, '2', '2012', 14, '0914022051', 0, 2),
(7, '2', '2012', 14, '0914022061', 2, 0),
(9, '2', '2012', 14, '0914022071', 2, 0),
(10, '2', '2012', 14, '0914023011', 2, 0),
(11, '2', '2012', 14, '0914023021', 0, 2),
(12, '2', '2012', 14, '0914023031', 0, 2),
(13, '2', '2012', 14, '0914023041', 2, 0),
(16, '4', '2012', 14, '0914041011', 2, 0),
(17, '4', '2012', 14, '0914041021', 2, 0),
(18, '4', '2012', 14, '0914042011', 0, 1),
(19, '4', '2012', 14, '0914043011', 0, 2),
(20, '4', '2012', 14, '0914043021', 0, 2),
(21, '4', '2012', 14, '0914044011', 0, 2),
(22, '4', '2012', 14, '0914044021', 0, 2),
(23, '4', '2012', 14, '0914044031', 0, 2),
(24, '4', '2012', 14, '0914044041', 0, 3),
(25, '4', '2012', 14, '0914044051', 2, 0),
(26, '4', '2012', 14, '0914044061', 2, 0),
(27, '4', '2012', 14, '0914045011', 0, 1),
(28, '6', '2012', 14, '0914065011', 0, 4),
(67, '1', '2012', 14, '0914011011', 2, 0),
(30, '1', '2012', 14, '0914011061', 2, 0),
(31, '1', '2012', 14, '0914012011', 2, 0),
(32, '1', '2012', 14, '0914012021', 2, 2),
(33, '1', '2012', 14, '0914012031', 2, 0),
(34, '1', '2012', 14, '0914012041', 0, 2),
(35, '1', '2012', 14, '0914012051', 0, 2),
(36, '1', '2012', 14, '0914012061', 2, 0),
(37, '1', '2012', 14, '0914013011', 0, 3),
(38, '1', '2012', 14, '0914013021', 2, 0),
(39, '3', '2012', 14, '0914031011', 2, 0),
(40, '3', '2012', 14, '0914031021', 2, 0),
(41, '3', '2012', 14, '0914032011', 2, 0),
(42, '3', '2012', 14, '0914032021', 2, 0),
(43, '3', '2012', 14, '0914032031', 0, 2),
(44, '3', '2012', 14, '0914033011', 0, 3),
(45, '3', '2012', 14, '0914033021', 0, 2),
(46, '3', '2012', 14, '0914033031', 0, 2),
(47, '3', '2012', 14, '091403341', 0, 2),
(48, '3', '2012', 14, '0914034011', 0, 2),
(49, '3', '2012', 14, '0914034021', 2, 0),
(50, '5', '2012', 14, '0914051011', 0, 1),
(51, '5', '2012', 14, '0914053011', 0, 3),
(52, '5', '2012', 14, '0914053021', 2, 0),
(53, '5', '2012', 14, '0914054011', 0, 2),
(54, '5', '2012', 14, '0914054021', 0, 2),
(55, '5', '2012', 14, '0914054031', 0, 2),
(56, '5', '2012', 14, '0914054041', 0, 2),
(57, '5', '2012', 14, '0914054051', 2, 0),
(58, '5', '2012', 14, '0914054061', 0, 3),
(59, '5', '2012', 14, '0914054071', 0, 2),
(60, '5', '2012', 14, '0914055011', 2, 0),
(63, '1', '2013', 14, '0914012021', 2, 2),
(64, '1', '2013', 14, '0914011011', 2, 0),
(65, '1', '2014', 14, '0914043021', 0, 2),
(66, '1', '2014', 14, '0914022011', 0, 2),
(68, '1', '2012', 14, '0914011021', 2, 0),
(69, '1', '2012', 14, '0914011031', 2, 0),
(70, '1', '2012', 14, '0914011041', 2, 0),
(71, '1', '2012', 14, '0914011051', 2, 0);

-- --------------------------------------------------------

--
-- Struktur dari tabel `jurusan`
--

CREATE TABLE IF NOT EXISTS `jurusan` (
  `JurusanId` int(10) NOT NULL AUTO_INCREMENT,
  `JurusanNama` varchar(30) DEFAULT NULL,
  `kajur` varchar(15) DEFAULT NULL,
  `kodejur` varchar(4) DEFAULT NULL,
  PRIMARY KEY (`JurusanId`)
) ENGINE=MyISAM  DEFAULT CHARSET=utf8 AUTO_INCREMENT=19 ;

--
-- Dumping data untuk tabel `jurusan`
--

INSERT INTO `jurusan` (`JurusanId`, `JurusanNama`, `kajur`, `kodejur`) VALUES
(1, 'D3 Teknik Komputer            ', '2508.245', 'K3'),
(2, 'D3 Teknik Mesin               ', '1597.205', 'M3'),
(3, 'D3 Sekretari                  ', '1595.085', 'S3'),
(4, 'D3 Teknik Elektro             ', '1592.052', 'E3'),
(5, 'D3 Akuntansi                  ', '1598.140', 'A3'),
(13, 'D3 Teknik Otomotif            ', '1597.133', 'O3'),
(14, 'D3 Manj. Informatika ', '1392.054', 'I3'),
(15, 'D3 Manj. Perusahaan', '131270043', 'P3');

-- --------------------------------------------------------

--
-- Struktur dari tabel `krs`
--

CREATE TABLE IF NOT EXISTS `krs` (
  `idperkul` int(20) NOT NULL AUTO_INCREMENT,
  `MHSid` varchar(10) NOT NULL,
  `MKid` varchar(20) NOT NULL,
  `KRSSem` int(1) NOT NULL,
  `KRSThAk` varchar(4) NOT NULL,
  `tanggal` date NOT NULL,
  `jam` time NOT NULL,
  `status` varchar(1) NOT NULL,
  `nilai` varchar(1) NOT NULL DEFAULT 'X',
  PRIMARY KEY (`idperkul`)
) ENGINE=MyISAM DEFAULT CHARSET=utf8 AUTO_INCREMENT=1 ;

--
-- Dumping data untuk tabel `krs`
--


-- --------------------------------------------------------

--
-- Struktur dari tabel `mahasiswa`
--

CREATE TABLE IF NOT EXISTS `mahasiswa` (
  `MHSID` varchar(10) NOT NULL,
  `MHSNAMA` varchar(40) DEFAULT NULL,
  `MHSJKEL` varchar(1) DEFAULT NULL,
  `MHSTMLHR` varchar(30) DEFAULT NULL,
  `MHSTGLHR` date DEFAULT NULL,
  `MHSWARGA` varchar(30) DEFAULT NULL,
  `MHSAGAMA` varchar(1) DEFAULT NULL,
  `MHSALMT` varchar(50) DEFAULT NULL,
  `MHSKOTA` varchar(30) DEFAULT NULL,
  `MHSNOTEL` varchar(15) DEFAULT NULL,
  `MHSKODEP` varchar(6) DEFAULT NULL,
  `MHSLULUS` varchar(4) DEFAULT NULL,
  `MHSASALP` varchar(50) DEFAULT NULL,
  `MHSORTUN` varchar(30) DEFAULT NULL,
  `MHSORALM` varchar(40) DEFAULT NULL,
  `MHSORKOTA` varchar(30) DEFAULT NULL,
  `MHSORKODEP` varchar(6) DEFAULT NULL,
  `MHSORPEG` varchar(4) DEFAULT NULL,
  `MHSPA` int(10) DEFAULT NULL,
  `JurusanId` int(10) DEFAULT NULL,
  `img` varchar(20) DEFAULT NULL,
  PRIMARY KEY (`MHSID`),
  KEY `MHSPA` (`MHSPA`,`JurusanId`)
) ENGINE=MyISAM DEFAULT CHARSET=utf8;

--
-- Dumping data untuk tabel `mahasiswa`
--

INSERT INTO `mahasiswa` (`MHSID`, `MHSNAMA`, `MHSJKEL`, `MHSTMLHR`, `MHSTGLHR`, `MHSWARGA`, `MHSAGAMA`, `MHSALMT`, `MHSKOTA`, `MHSNOTEL`, `MHSKODEP`, `MHSLULUS`, `MHSASALP`, `MHSORTUN`, `MHSORALM`, `MHSORKOTA`, `MHSORKODEP`, `MHSORPEG`, `MHSPA`, `JurusanId`, `img`) VALUES
('10.21595', 'BENI SISWANTO', 'L', 'KLATEN', '1989-12-31', NULL, NULL, 'MILIRAN RT 03 RW 03 MENDAK DELANGGU', 'KLATEN', '085725312345', '57447', NULL, 'SMU SMA N 1 POLANHARJO', 'NGATMIN', NULL, NULL, NULL, 'E', 305, NULL, NULL),
('10.21596', 'YUSUF SAIFUDIN', 'L', 'SRAGEN', '1992-03-30', NULL, NULL, 'SIDODADI RT.31/08 MASARAN ', 'SRAGEN', '', '', NULL, 'SMK BHINEKA KARYA SURAKARTA', 'SUKIMIN', NULL, NULL, NULL, 'E', 305, NULL, NULL),
('10.31551', 'NOVI NURAINI', 'P', 'SURAKARTA', '1992-11-05', NULL, NULL, 'SEMANGI RT.05/15 PASAR KLIWON', 'SURAKARTA', '085642130369', '57117', NULL, 'SMU NEGERI 2 SURAKARTA', 'SUHARYANTO', NULL, NULL, NULL, 'E', 63, NULL, NULL),
('10.11772', 'MIFTAHUROHMAN', 'L', 'BOYOLALI', '1992-06-29', NULL, NULL, 'RT 08 RW 02 PAKEL, ANDONG ', 'BOYOLALI', '', '57384', NULL, 'SMK MUH 2 ANDONG ', 'SUTRISNO', NULL, NULL, NULL, 'E', 9, NULL, NULL),
('10130512', 'BASTHIAR WIBISONO', 'L', 'KARANGANYAR', '1993-02-14', NULL, NULL, 'TRITIS RT.03/06 BOLON COLOMADU ', 'KARANGANYAR', '085728708484', '57178', NULL, 'SMK PANCASILA SURAKARTA', 'ISMAIL', NULL, NULL, NULL, 'E', 26, NULL, NULL),
('10140709', 'DANANG NUR HADYANTO', 'L', 'SEMARANG', '1981-02-07', '', '', 'BALUWARTI RT.04/01 PASAR KLIWON', 'SURAKARTA', '635824', '57114', '', '', 'SAMNO HADI PURNOMO', '', '', '', 'E', 114, 14, NULL),
('10140710', 'BAYU TRI ANGGORO', 'L', 'KOTAMABANGU ', '1986-05-16', NULL, NULL, 'TEMULUS RT.01/07 PONDOK GROGOL', 'SUKOHARJO', '', '57552', NULL, 'SMU NEGERI 2 KOTAMOBAGU', 'SURIPTO', NULL, NULL, NULL, 'G', 114, NULL, NULL),
('10130513', 'ARIS SULISTYO', 'L', 'BOYOLALI', '1992-09-22', NULL, NULL, 'JL. OBONG RT 1 RW 1 PUSPORENGGO MUSUK', 'BOYOLALI', '085878774210', '', NULL, 'SMK SMK MUHAMMADIYAH 04 BOYOLALI', 'PRIYONO', NULL, NULL, NULL, 'C', 26, NULL, NULL),
('10.11770', 'DERY NUGROHO', 'L', 'WONOGIRI', '1991-05-29', '', '', 'RT 04 RW 01 KELORAN SELOGIRI', 'WONOGIRI', '085727405187', '', '2010', 'LN MAN WONOGIRI', 'SUPOYO', 'RT 04 RW 01 KELORAN SELOGIRI', 'Wonogiri', '', 'E', 9, 2, NULL),
('10.11771', 'DANANG KRISTIYANTO', 'L', 'SUKOHARJO', '1991-10-20', '', '', 'BANGSRI GEDE RT 03 RW 08 KRIWEN ', 'SUKOHARJO', '085740150297', '57519', '', 'SMU SMA N 1 NGUTER', 'HARJONO', '', '', '', 'C', 9, 2, NULL),
('10140717', 'FITRIYAH YENI FARIDA', 'P', 'SURAKARTA', '1991-05-01', NULL, NULL, 'GURAWAN RT 02 RW 09 PS. KLIWON', 'SURAKARTA', '085725168913', '', NULL, 'SMU SMU AL ISLAM 3 SURAKARTA', 'AGUS SANYOTO', NULL, NULL, NULL, 'D', 114, NULL, NULL),
('10130516', 'NASHIRUL JAMIL', 'L', 'SRAGEN', '1993-01-28', NULL, NULL, 'RT 1 RW 02 JATI BATUR, GEMOLONG', 'SRAGEN', '08522973806', '57274', NULL, 'SMK MUHAMMADIYAH GEMOLONG', 'H. SUDARNO', NULL, NULL, NULL, 'A', 26, NULL, NULL),
('10140719', 'TIKA JAYANTI DEWI FATIMAH', 'P', 'SUKOHARJO', '1991-12-14', NULL, NULL, 'TEGALSARI RT.02/01 BULAKREJO ', 'SUKOHARJO', '', '57522', NULL, 'SMU VETERAN 1 SUKOHARJO', 'KARJONO', NULL, NULL, NULL, 'E', 114, NULL, NULL),
('10.41505', 'RIZAL BRATA ZAKARIAN', 'L', 'MADIUN', '1992-03-30', NULL, NULL, 'JL.SUGI PRANOTO 06/04 KEPRABON BANJARSARI', 'SURAKARTA', '08812964001', '', NULL, 'SMK SMK MUH. 3 SURAKARTA', 'JOKO DWIWARNO', NULL, NULL, NULL, 'B', 5, NULL, NULL),
('10130517', 'JOKO WIDODO', 'L', 'SUKOHARJO', '1992-08-08', NULL, NULL, 'TORIYO RT 01 RW 04 BENDOSARI', 'SUKOHARJO', '081904728594', '57552', NULL, 'SMK BINA PATIA 2', 'SUAADI', NULL, NULL, NULL, 'D', 26, NULL, NULL),
('10130518', 'FX AGUS PRASETYO', 'L', 'SURAKARTA', '1989-11-30', NULL, NULL, 'SUMPINGAN RT 01 RW 01 KADIPIRO BANJARSARI', 'SURAKARTA', '08562830956', '57136', NULL, 'SMK ADI SUMARMO', 'BUDI UTOMO', NULL, NULL, NULL, 'E', 26, NULL, NULL),
('10.11774', 'FAUSI IKHSAN WAHYUDI', 'L', 'SUKOHARJO ', '1992-08-02', NULL, NULL, 'JETIS RT.03/VII POJOK TAWANGSARI', 'SUKOHARJO', '085728900207', '57561', NULL, 'SMU NEGERI 1 NGUTER', 'WIDODO', NULL, NULL, NULL, 'A', 9, NULL, NULL),
('10130520', 'ALI MAHMUD', 'L', 'BOYOLALI', '1991-10-08', NULL, NULL, 'MOJO RT.22/08 ANDONG ', 'BOYOLALI', '081393427547', '57384', NULL, 'SMK MUHAMMADIYAH 2 ANDONG', 'MUALIM', NULL, NULL, NULL, 'E', 26, NULL, NULL),
('10.11775', 'WAHYU YULI KRISTIONO', 'L', 'SUKOHARJO', '1992-07-18', NULL, NULL, 'JL. MELIWIS NO.25 CILACAP TEGALREJO ', 'CILACAP SELATAN', '08976606589', '', NULL, 'SMU NWGERI CILACAP', 'MARGONO', NULL, NULL, NULL, 'D', 9, NULL, NULL),
('10140721', 'DEMTA TONA WAHYUTAMA', 'L', 'SURAKARTA', '1992-07-09', '', '', 'PANULARAN RT.03/06 LAWEYAN ', 'SURAKARTA', '089673127035', '', '', 'SMU NEGERI 6 SOLO', 'BINTORO WAHYU ADI', '', '', '', 'D', 114, 14, NULL),
('10140725', 'RANI MAHARANI', 'P', 'SUKOHARJO', '1989-06-22', NULL, NULL, 'NGUTER RT.03/04 NGUTER ', 'SUKOHARJO', '085642454136', '57571', NULL, 'SMK NEGERI 3 SUKOHARJO', 'SUMARDI', NULL, NULL, NULL, 'E', 114, NULL, NULL),
('10140728', 'SURYANA ARDHI', 'L', 'SRAGEN', '1992-04-15', NULL, NULL, 'KETRO RT.16/14 TANON ', 'SRAGEN', '', '57277', NULL, 'SMU NEGERI SUKODONO', 'DALIYO', NULL, NULL, NULL, 'A', 114, NULL, NULL),
('10.31553', 'WIWIN SEPTIANI', 'P', 'SURAKARTA', '1992-09-10', NULL, NULL, 'JL. COMAL RT.05/V SEMANGGI PASARKLIWON', 'SURAKARTA', '', '', NULL, 'SMU ISLAM 1 SURAKARTA', 'WIJI SRI WIDODO', NULL, NULL, NULL, 'E', 63, NULL, NULL),
('10.11773', 'BUDI CAHYONO', 'L', 'SAMBIREJO', '1991-06-11', NULL, NULL, 'RT 07 RW IX TEMBAK 3 KADIPIRA BANJARSARI', 'SURAKARTA', '085647146705', '57136', NULL, 'SMU SMU N 2 SKA', 'HARSONO', NULL, NULL, NULL, 'A', 9, NULL, NULL),
('10140718', 'NELLY CANDRA PUSPITA SARI', 'L', 'SUKOHARJO', '1992-12-01', '', '', 'NGUNUT RT 4 RW 10 SONOREJO SUKOHARJO', 'SUKOHARJO', '081393339336', '', '', 'SMK KASATRIYAN SURAKARTA', 'SUKADI IKHSAN NUBARY', '', '', '', 'D', 114, 14, NULL),
('10.21597', 'BAYU AJI PRASETYO', 'L', 'SURAKARTA', '1992-12-27', NULL, NULL, 'RT 4 RW 10 NGUNUT SONDOREJO SUKOHARJO', 'SUKOHARJO', '081548377334', '', NULL, 'SMK BHINEKAKARYA SURAKARTA', 'BAMBANG WALUYO', NULL, NULL, NULL, 'C', 305, NULL, NULL),
('10130519', 'YOGI WAHYU SETYAWAN ', 'L', 'BOYOLALI', '1992-01-23', NULL, NULL, 'TEMPURSARI RT.06/02 SAMBI ', 'BOYOLALI', '085741930333', '57136', NULL, 'SMK NEGERI 5 SURAKARTA', 'SUWANTO', NULL, NULL, NULL, 'A', 26, NULL, NULL),
('10140720', 'M UBAIDILLAH CHANAFI', 'L', 'BOYOLALI', '1992-04-18', '', '', 'CABEAN RT.12/02 KUNTI CEPOGO ', 'BOYOLALI', '085742016161', '57362', '', 'LN UMMATHAN WARSHATON IMOGIRI', 'MUSLIH AS', '', '', '', 'E', 114, 14, NULL),
('10140722', 'ARIS AGUNG SETIYAWAN', 'L', 'SURAKARTA', '1990-03-21', NULL, NULL, 'JL. KYAI MOJO RT.06/04 SEMANGGI ', 'SURAKARTA', '085747743505', '57117', NULL, 'SMK SANTOPAULUS SURAKARTA', 'WIDODO', NULL, NULL, NULL, 'D', 114, NULL, NULL),
('10140727', 'HANNING YUDHA WIJAYA', 'L', 'SURAKARTA', '1992-03-26', NULL, NULL, 'NAYU TIMUR RT.07/8 NUSUKAN BANJARSARI', 'SURAKARTA', '085647302576', '57135', NULL, 'SMU NEGERI 8 SURAKARTA', 'HARYANTO', NULL, NULL, NULL, 'E', 114, NULL, NULL),
('10.51611', 'ERLIN WINDA ISTIAWAN ', 'P', 'JAKARTA', '1991-11-12', NULL, NULL, 'WIRUN RT.02/07 MOJOLABAN ', 'SUKOHARJO', '085229373384', '57554', NULL, 'SMU VETERAN 1 SUKOHARJO', 'GUNAWAN HAPSORO', NULL, NULL, NULL, 'D', 2, NULL, NULL),
('10.31552', 'EVYNDA WATI', 'P', 'SUKOHARJO', '1991-06-13', NULL, NULL, 'GODEGAN RT.02/14 WIRUN MOJOLABAN ', 'SUKOHARJO', '087836067520', '57554', NULL, 'SMU SMAN 1 SUKOHARJO', 'SUPARDI WIGNYO SUNARTO', NULL, NULL, NULL, 'E', 63, NULL, NULL),
('10.31554', 'FANI CANDAWATI', 'P', 'SURAKARTA', '1991-11-22', NULL, NULL, 'MANGKUBUMEN WETAN RT 04 RW 14 MANGKUBUMEN', 'BANJARSARI SURAKARTA', '085725332230', '57131', NULL, 'SMU SMA MUH. 2 SURAKARTA', 'MULYONO', NULL, NULL, NULL, 'E', 63, NULL, NULL),
('10140730', 'RAHAYU EKA SAPUTRA', 'L', 'WONOGIRI', '1990-08-29', NULL, NULL, 'GONDANGSARI RT.01/02 SEMBUKAN SIDOHARJO', 'WONOGIRI', '085695509853', '57682', NULL, 'SMU NEGERI 1 SIDOHARJO', 'PARDI', NULL, NULL, NULL, 'D', 114, NULL, NULL),
('10.21599', 'RIAN BAGUS ADI N', 'L', 'SUKOHARJO', '1992-04-24', NULL, NULL, 'KOPEN RT.3/7 NGADIREJO KARTASURA', 'SUKOHARJO', '', '', NULL, 'SMU NEGERI 1 KARTASURA', 'SUGIYANTO', NULL, NULL, NULL, 'E', 305, NULL, NULL),
('10.51619', 'ICMA HIDAYAH SHALAM NUR J', 'P', 'SRAGEN', '1992-11-22', NULL, NULL, 'GUWOSARI RT.03/27 GG. CEMPAKA 22 JEBRES', 'SURAKARTA', '085728226499', '57126', NULL, 'SMU MTA SURAKARTA', 'ICHSAN NURSAHID', NULL, NULL, NULL, '', 2, NULL, NULL),
('10140733', 'LUKITA PURNAMASARI', 'P', 'SUKOHARJO', '1991-09-17', '-', '-', 'ASRAMA BRIGIF 6 PALUR ', 'KARANGANYAR', '085728427217', '57554', '-', 'SMU NEGERI 6 SURAKARTA', 'DARNO', '-', '-', '-', 'B', 114, NULL, NULL),
('10.31556', 'NINIK SUPARYANTI ', 'P', 'WONOGIRI', '1992-10-13', NULL, NULL, 'GENENG RT 01 RW XI, PURWOSARI ', 'WONOGIRI', '087881689256', '57651', NULL, 'SMU NEGERI 1 WONOGIRI', 'TAKIYAH ', NULL, NULL, NULL, '', 63, NULL, NULL),
('10.51613', 'RA WINDA PRAHESTI', 'P', 'SURAKARTA', '1992-11-12', NULL, NULL, 'TAMTAMAN RT.01 RW.10 BALUWARTI', 'SURAKARTA', '', '57114', NULL, 'SMU BATIK I ', 'SOERIO HERWINDRA', NULL, NULL, NULL, 'G', 2, NULL, NULL),
('10.51622', 'EVIANA KURNIAWATI ', 'P', 'SUKOHARJO ', '1991-04-25', NULL, NULL, 'WIRUN RT 02/VII MOJOLABAN ', 'SUKOHARJO ', '', '57554', NULL, 'SMK NEGERI 3 SURAKARTA ', 'SUTARDI ', NULL, NULL, NULL, 'D', 2, NULL, NULL),
('10140723', 'ASTIARNI CATUR MAYASARI S M', 'P', 'SURAKARTA', '1991-06-17', '-', '-', 'BUNGUR 8 NO.11 RT.04/05 PUNGAWAN BANJARSARI', 'SURAKARTA', '085729083745', '-', '-', 'SMU MUHAMMADIYAH 1 SURAKARTA', 'TB MARSUDI', '-', '-', '-', 'D', 114, NULL, NULL),
('99110006', 'SITI MUSTAQIMAH', 'P', 'KLATEN', '1975-07-05', 'WNI', 'I', 'SRIBIT JAYAN 3/4 DELANGGU KLT', 'KLATEN', '-', '57471', '1993', 'SMEAN DELANGGU', 'UMAR SAHID', 'SRIBIT JAYAN 3/4 DELANGGU KLT', 'KLATEN', '57471', 'PETA', 0, 0, NULL),
('99110005', 'RUSMAL MUDAIM', 'P', 'KRA', '1979-06-16', 'WNI', 'I', 'KRAGAN GD.REJO KARANGANYAR', NULL, NULL, NULL, '1999', 'SMK BATIK 1', 'MUANAM', 'KRAGAN GD.REJO KARANGANYAR', NULL, NULL, 'WIRA', NULL, NULL, NULL),
('99110004', 'PUJI HASTUTI', 'P', 'SUKOHARJO', '1980-10-01', 'WNI', 'I', 'PLUMBON 1/10 MOJOLABAN SKH', NULL, NULL, NULL, '1999', 'SMK BATIK 1 SURAKARTA', 'RAJIMAN', 'PLUMBON 1/10 MOJOLABAN SKH', NULL, NULL, 'PETA', NULL, NULL, NULL),
('99110003', 'MARJANI', 'P', 'SUKOHARJO', '1980-11-12', 'WNI', 'I', 'JL. CIU PRANAN 01/III SKH', NULL, NULL, '57555', '1999', 'SMK SARASWATI SUKOHARJO', 'HADI WIYONO NGADIMO', 'JL.CIU PRANAN 1/3 PL.KARTO SKH', NULL, '57555', 'WIRA', NULL, NULL, NULL),
('99110002', 'DEWI LISTIANTI', 'P', 'SURAKARTA', '1980-08-23', 'WNI', 'I', 'JL.SUMPAH PEMUDA 65B KADIPIRO', NULL, NULL, NULL, '1999', 'SMU MUH 2 SURAKARTA', 'ACENG SYARIFFUDIN', 'JL.SUMPAH PEMUDA 65B KADIPIRO', NULL, NULL, 'WIRA', NULL, NULL, NULL),
('99110001', 'ASTUTI PURWANINGSIH', 'P', 'SUKOHARJO', '1981-05-04', 'WNI', 'I', 'JEMBANGAN 2/9 PABELAN KTS', NULL, NULL, '57102', '1999', 'SMKN 6 SURAKARTA', 'MOCHAMMAD ZAENURI', 'JEMBANGAN 2/9 PABELAN KTS', NULL, '57162', 'PEGA', NULL, NULL, NULL),
('99.90018', 'DWI SUNARYO', 'L', NULL, NULL, NULL, NULL, NULL, NULL, NULL, NULL, '0', NULL, NULL, NULL, NULL, NULL, NULL, NULL, NULL, NULL),
('99.90017', 'AGUS PURNOMOSIDI', 'L', 'KRA', '1979-07-10', NULL, NULL, 'DAGEN 1/6 JATEN KARANGANYAR', NULL, NULL, NULL, '0', NULL, NULL, 'DAGEN 1/6 JATEN KARANGANYAR', NULL, NULL, NULL, NULL, NULL, NULL);

-- --------------------------------------------------------

--
-- Struktur dari tabel `matakuliah`
--

CREATE TABLE IF NOT EXISTS `matakuliah` (
  `MKid` varchar(20) NOT NULL,
  `MKNama` varchar(50) DEFAULT NULL,
  `MKSem` int(1) DEFAULT NULL,
  `MKsksT` int(1) DEFAULT NULL,
  `MKsksP` int(1) DEFAULT NULL,
  PRIMARY KEY (`MKid`)
) ENGINE=MyISAM DEFAULT CHARSET=utf8;

--
-- Dumping data untuk tabel `matakuliah`
--

INSERT INTO `matakuliah` (`MKid`, `MKNama`, `MKSem`, `MKsksT`, `MKsksP`) VALUES
('0914021011', 'Bahasa Inggris II', 2, 2, 0),
('0914022011', 'Logika & Algoritma Pemograman II', 2, 0, 2),
('0914022021', 'Interaksi Manusia & Komputer', 2, 2, 0),
('0914022031', 'Sistem Operasi I', 2, 0, 2),
('0914022041', 'Arsitektur & Organisasi Komputer', 2, 2, 0),
('0914022051', 'Akuntansi II', 2, 0, 2),
('0914022061', 'Matematika Terapan', 2, 2, 0),
('0914022071', 'Sistem Informasi Akuntansi', 2, 2, 0),
('0914023011', 'Sistem Berkas', 2, 2, 0),
('0914023021', 'Basis Data II', 2, 0, 2),
('0914023031', 'Praktek Pemrograman Terstruktur I', 2, 0, 2),
('0914023041', 'Pengantar Ilmu Ekonomi', 2, 2, 0),
('0914041011', 'Etika Profesi', 4, 2, 0),
('0914041021', 'Kewarganegaran', 4, 2, 0),
('0914042011', 'Bahasa Inggris IV', 4, 0, 1),
('0914043011', 'Struktur Data', 4, 0, 2),
('0914043021', 'Pemrograman Web', 4, 0, 2),
('0914044011', 'Praktek Jaringan Komputer I', 4, 0, 2),
('0914044021', 'Pemrograman Visual II', 4, 0, 2),
('0914044031', 'Pemrograman Data Base I', 4, 0, 2),
('0914044041', 'Pemrograman Multimedia I', 4, 0, 3),
('0914044051', 'Security Komputer', 4, 2, 0),
('0914044061', 'SIM II', 4, 2, 0),
('0914045011', 'Kunjungan Industri', 4, 0, 1),
('0914065011', 'Tugas Akhir', 6, 0, 4),
('0914011011', 'Agama Islam', 1, 2, 0),
('0914011061', 'Bahasa Inggris I', 1, 2, 0),
('0914012011', 'Matematika Diskrit', 1, 2, 0),
('0914012021', 'Logika & Algoritma Pemrograman I', 1, 2, 2),
('0914012031', 'Pengantar Teknologi Informasi', 1, 2, 0),
('0914012041', 'Akuntansi I', 1, 0, 2),
('0914012051', 'Internet', 1, 0, 2),
('0914012061', 'Pengantar Manajemen', 1, 2, 0),
('0914013011', 'Praktek Program Niaga', 1, 0, 3),
('0914013021', 'Basis Data', 1, 2, 0),
('0914031011', 'Bahasa Inggris III', 3, 2, 0),
('0914031021', 'Pendidikan Pancasila', 3, 2, 0),
('0914032011', 'Komunikasi Data & Jarkom', 3, 2, 0),
('0914032021', 'Analisa Perancangan Sistem', 3, 2, 0),
('0914032031', 'Sistem Operasi II', 3, 0, 2),
('0914033011', 'Pemrograman Animasi', 3, 0, 3),
('0914033021', 'Praktek Komputer Akuntansi', 2, 0, 2),
('0914033031', 'Prak. Pemrog. terstruktur II', 3, 0, 2),
('091403341', 'Komputer Grafis', 3, 0, 2),
('0914034011', 'Pemrograman Visual I', 3, 0, 2),
('0914034021', 'SIM I', 3, 2, 0),
('0914051011', 'Bahasa Inggris Teknik ', 5, 0, 1),
('0914053011', 'Web Technology', 5, 0, 3),
('0914053021', 'Metodologi Penelitian', 5, 2, 0),
('0914054011', 'Pemrograman Berorientasi Obyek', 5, 0, 2),
('0914054021', 'Praktek Jaringan Komputer II', 5, 0, 2),
('0914054031', 'Trouble Shooting', 5, 0, 2),
('0914054041', 'Pemrograman Data Base II', 5, 0, 2),
('0914054051', 'Rekayasa Perangkat Lunak', 5, 2, 0),
('0914054061', 'Pemrograman Multimedia II', 5, 0, 3),
('0914054071', 'Film & Animasi', 5, 0, 2),
('0914055011', 'Kewirausahaan', 5, 2, 0),
('0914011021', 'Agama Kristen', 1, 2, 0),
('0914011031', 'Agama Katholik', 1, 2, 0),
('0914011041', 'Agama Budha', 1, 2, 0),
('0914011051', 'Agama Hindhu', 1, 2, 0);

-- --------------------------------------------------------

--
-- Struktur dari tabel `user`
--

CREATE TABLE IF NOT EXISTS `user` (
  `iduser` int(5) NOT NULL AUTO_INCREMENT,
  `username` varchar(10) NOT NULL DEFAULT '',
  `nama` varchar(60) NOT NULL DEFAULT '',
  `password` varchar(40) NOT NULL DEFAULT '',
  `status` varchar(5) NOT NULL,
  `email` varchar(50) NOT NULL DEFAULT '',
  PRIMARY KEY (`iduser`)
) ENGINE=MyISAM  DEFAULT CHARSET=latin1 AUTO_INCREMENT=19 ;

--
-- Dumping data untuk tabel `user`
--

INSERT INTO `user` (`iduser`, `username`, `nama`, `password`, `status`, `email`) VALUES
(1, 'admin', 'Administrator', '21232f297a57a5a743894a0e4a801fc3', 'admin', 'info@smp2jatrisono.sch.id'),
(5, 'staff1', 'Rita', '2794d223f90059c9f705c73a99384085', 'staff', 'rita@politama.ac.id'),
(6, 'staff2', 'Mulyanto', '353942263d1bedfbe06b7bfa78226253', 'staff', 'mulyanto@politama.ac.id'),
(18, '1408.252', 'HERU WIDAYAT', 'd8578edf8458ce06fbc5bb76a58c5ca4', 'pa', 'herusastro@gmail.com'),
(17, '1401.184', 'SUDARNO, AMD                  ', '982bdf0b28f257889e4008a302be0790', 'pa', 'isusay@gmail.com'),
(16, '10140709', 'DANANG NUR HADYANTO', 'c3ec0f7b054e729c5a716c8125839829', 'mhs', 'danangnurhardiyanto@politama.ac.id'),
(15, '1593.075', 'ABDUL JALIL, SSOS.           ', '82027888c5bb8fc395411cb6804a066c', 'pa', 'abduljalil@politama.ac.id');

/*!40101 SET CHARACTER_SET_CLIENT=@OLD_CHARACTER_SET_CLIENT */;
/*!40101 SET CHARACTER_SET_RESULTS=@OLD_CHARACTER_SET_RESULTS */;
/*!40101 SET COLLATION_CONNECTION=@OLD_COLLATION_CONNECTION */;
